{"cameraMode":{"drawMode":0,"name":"Shaded","section":"Shading Mode"},"sceneLighting":true,"audioPlay":false,"sceneViewState":{"showFog":true,"showMaterialUpdate":false,"showSkybox":true,"showFlares":true,"showImageEffects":true,"showParticleSystems":true},"in2DMode":false,"pivot":{"x":3.7045364379882814,"y":2.5471572875976564,"z":-0.10066533088684082},"rotation":{"x":-0.25590261816978457,"y":0.6843616962432861,"z":-0.28155821561813357,"w":-0.6220030784606934},"size":19.103639602661134,"orthographic":false}