{"cameraMode":{"drawMode":0,"name":"Shaded","section":"Shading Mode"},"sceneLighting":true,"audioPlay":false,"sceneViewState":{"showFog":true,"showMaterialUpdate":false,"showSkybox":true,"showFlares":true,"showImageEffects":true,"showParticleSystems":true},"in2DMode":false,"pivot":{"x":-2.37634015083313,"y":11.202404022216797,"z":-24.519142150878908},"rotation":{"x":-0.19508565962314607,"y":-0.06702958047389984,"z":0.01336577720940113,"w":-0.978401780128479},"size":7.730411052703857,"orthographic":false}