{"cameraMode":{"drawMode":0,"name":"Shaded","section":"Shading Mode"},"sceneLighting":true,"audioPlay":false,"sceneViewState":{"showFog":true,"showMaterialUpdate":false,"showSkybox":true,"showFlares":true,"showImageEffects":true,"showParticleSystems":true},"in2DMode":false,"pivot":{"x":8.474920272827149,"y":5.441155433654785,"z":-2.9713358879089357},"rotation":{"x":-0.22771349549293519,"y":0.6137079000473023,"z":-0.19106067717075349,"w":-0.7314403653144836},"size":6.289446830749512,"orthographic":false}